{"velocity": [[[0, 7.440786129085082e-16, 1], [0.12594578198574183, 0, 2]], [[0, -1.349967557065546, 1], [0.49244289008980524, 0, 2]], [[0, 1.1525719972156676, 1], [0.5, 0, 2]], [[0, 0.24497866312686423, 1], [0.20615528128088298, 0, 2]], [[0, -0.3868757177310279, 1], [0.35355339059327384, 0, 2]], [[0, 0.14189705460416369, 1], [0.19999999999999996, 0, 2]], [[0, -0.38050637711236496, 1], [0.26925824035672524, 0, 2]], [[0, -0.6711438354360084, 1], [0.40311288741492757, 0, 2]], [[0, -0.6188147667376865, 1], [0.5024937810560445, 0, 2]], [[0, -0.09772690735871802, 1], [0.5099019513592784, 0, 2]], [[0, -1.051650212548373, 1], [0.31622776601683783, 0, 2]]], "delta_time": 1, "init_pose": [-0.9506000000000006, 0.8529999999999999, 101.30993247402004]}