{"velocity": [[[0, 1.0471975511965976, 1], [0.15000000000000002, 0, 2]], [[0, -0.21866894587394214, 1], [0.4609772228646443, 0, 2]], [[0, -0.2449786631268636, 1], [0.33541019662496846, 0, 2]], [[0, 0.1853479499956943, 1], [0.3640054944640259, 0, 2]], [[0, -0.28029965633845083, 1], [0.4716990566028302, 0, 2]], [[0, -0.06165017063925917, 1], [0.4301162633521313, 0, 2]], [[0, -0.4314007265655524, 1], [0.806225774829855, 0, 2]], [[0, -0.1386397371341576, 1], [0.5385164807134505, 0, 2]], [[0, -0.05875582271572332, 1], [0.31622776601683783, 0, 2]], [[0, -0.32175055439664185, 1], [0.5499999999999999, 0, 2]], [[0, 1.2490457723982542, 1], [0.316227766016838, 0, 2]]], "delta_time": 1, "init_pose": [-3.0, -2.0, 30]}