{"velocity": [[[0, 1.7361834301198523e-15, 1], [0.3023346655611957, 0, 2]], [[0, -1.446441332248137, 1], [0.24999999999999997, 0, 2]], [[0, 0.30704573201879115, 1], [0.4301162633521314, 0, 2]], [[0, -1.3310532179244403, 1], [0.26925824035672524, 0, 2]], [[0, -0.23974310887045638, 1], [0.4301162633521314, 0, 2]], [[0, 0.6202494859828214, 1], [0.5499999999999999, 0, 2]], [[0, 0.5880026035475675, 1], [0.18027756377319962, 0, 2]], [[0, 0.8176450458327028, 1], [0.304138126514911, 0, 2]], [[0, -1.4056476493802703, 1], [0.30000000000000004, 0, 2]], [[0, 1.373400766945016, 1], [0.25495097567963926, 0, 2]], [[0, 0.19739555984988078, 1], [0.19999999999999996, 0, 2]]], "delta_time": 1, "init_pose": [-0.9999999999999991, 1.4750000000000003, 119.74488129694222]}