{"velocity": [[[0, -0.2573467264473735, 1], [0.570087712549569, 0, 2]], [[0, -1.1935472671525387, 1], [0.25, 0, 2]], [[0, 1.9100889412489415, 1], [0.360555127546399, 0, 2]], [[0, -0.8996524913588877, 1], [0.6020797289396148, 0, 2]], [[0, 0.8996524913588874, 1], [0.1802775637731994, 0, 2]], [[0, -0.33929261445404424, 1], [0.5, 0, 2]], [[0, -0.6435011087932845, 1], [0.55, 0, 2]], [[0, 0.982793723247329, 1], [0.5408326913195984, 0, 2]], [[0, -1.5707963267948977, 1], [0.1802775637731994, 0, 2]], [[0, 1.3734007669450166, 1], [0.28284271247461895, 0, 2]], [[0, 0.48689923181126904, 1], [0.680073525436772, 0, 2]], [[0, 0.8865015351337466, 1], [0.36055512754639896, 0, 2]], [[0, 0.10673567264913597, 1], [0.39051248379533277, 0, 2]], [[0, -0.805395497370599, 1], [0.4527692569068708, 0, 2]]], "delta_time": 1, "init_pose": [-3.0, -2.0, 30]}